"date";"open";"close";"high";"low"
"09/08/2015";0.00349;0.002702;0.0041;0.0024
"10/08/2015";0.002702;0.002603;0.002902;0.0022
"11/08/2015";0.002603;0.004;0.0044;0.002414
"12/08/2015";0.004;0.00467;0.004882;0.00291
"13/08/2015";0.00467;0.00681;0.007999;0.00401
"14/08/2015";0.00681;0.00689;0.008888;0.0065
"15/08/2015";0.00689;0.0063;0.007205;0.0057
"16/08/2015";0.0063;0.00556;0.006559;0.00415
"17/08/2015";0.005551;0.004649;0.00621;0.004395
"18/08/2015";0.004649;0.005188;0.005372;0.004251
"19/08/2015";0.005188;0.005587;0.0057;0.005005
"20/08/2015";0.005587;0.0063;0.00657;0.005228
"21/08/2015";0.0063;0.00607;0.006777;0.005711
"22/08/2015";0.00607;0.00606;0.00649;0.005805
"23/08/2015";0.00606;0.00597;0.006358;0.005599
"24/08/2015";0.00597;0.0059;0.006145;0.00577
"25/08/2015";0.0059;0.005299;0.005942;0.005
"26/08/2015";0.005299;0.00515;0.00535;0.004773
"27/08/2015";0.00515;0.005091;0.005275;0.004984
"28/08/2015";0.005091;0.005072;0.00523;0.00501
"29/08/2015";0.005072;0.00516;0.005188;0.005
"30/08/2015";0.00516;0.00582;0.006051;0.005065
"31/08/2015";0.00582;0.0059;0.00635;0.005226
"01/09/2015";0.0059;0.005941;0.00614;0.005817
"02/09/2015";0.005941;0.005638;0.005968;0.005459
"03/09/2015";0.005638;0.005554;0.005739;0.005204
"04/09/2015";0.005554;0.00551;0.005732;0.005355
"05/09/2015";0.00551;0.00565;0.00573;0.0055
"06/09/2015";0.00565;0.00542;0.00574;0.005369
"07/09/2015";0.00542;0.005173;0.005489;0.005109
"08/09/2015";0.005173;0.005069;0.005249;0.005045
"09/09/2015";0.005069;0.005085;0.005289;0.005003
"10/09/2015";0.005085;0.004875;0.005105;0.00475
"11/09/2015";0.004875;0.00405;0.004928;0.00371
"12/09/2015";0.00405;0.004403;0.00473;0.004
"13/09/2015";0.004403;0.00405;0.004473;0.003886
"14/09/2015";0.00405;0.00379;0.004165;0.00375
"15/09/2015";0.00379;0.004101;0.004333;0.00376
"16/09/2015";0.004101;0.003949;0.004126;0.0039
"17/09/2015";0.003949;0.003798;0.003967;0.003512
"18/09/2015";0.003798;0.003661;0.00387;0.003535
"19/09/2015";0.003661;0.003811;0.00397;0.00358
"20/09/2015";0.003811;0.004062;0.004099;0.003758
"21/09/2015";0.004062;0.00399;0.00421;0.00387
"22/09/2015";0.00399;0.003888;0.004185;0.003769
"23/09/2015";0.003888;0.0039;0.004;0.003861
"24/09/2015";0.0039;0.003455;0.003967;0.00341
"25/09/2015";0.003455;0.003159;0.003531;0.00304
"26/09/2015";0.003159;0.00332;0.00337;0.003001
"27/09/2015";0.00332;0.003123;0.003435;0.003101
"28/09/2015";0.003123;0.002432;0.00315;0.002303
"29/09/2015";0.002432;0.002799;0.002979;0.002332
"30/09/2015";0.002799;0.003035;0.0032;0.00265
"01/10/2015";0.003035;0.002899;0.00314;0.00278
"02/10/2015";0.002899;0.002855;0.00293;0.00274
"03/10/2015";0.002855;0.002866;0.002989;0.002816
"04/10/2015";0.002866;0.002805;0.002931;0.00278
"05/10/2015";0.002805;0.002614;0.00289;0.002613
"06/10/2015";0.002614;0.00267;0.002691;0.002432
"07/10/2015";0.00267;0.002529;0.002739;0.00245
"08/10/2015";0.002529;0.002572;0.002679;0.002411
"09/10/2015";0.002572;0.002654;0.00288;0.002566
"10/10/2015";0.002654;0.002549;0.002691;0.002537
"11/10/2015";0.002549;0.002568;0.002615;0.00251
"12/10/2015";0.002568;0.002571;0.002679;0.002533
"13/10/2015";0.002571;0.002424;0.002585;0.00239
"14/10/2015";0.002424;0.00203;0.002475;0.001879
"15/10/2015";0.00203;0.0022;0.002278;0.002025
"16/10/2015";0.0022;0.002023;0.002253;0.001979
"17/10/2015";0.002023;0.002035;0.002117;0.00195
"18/10/2015";0.002035;0.001992;0.00207;0.001934
"19/10/2015";0.001992;0.001858;0.001999;0.00182
"20/10/2015";0.001858;0.001613;0.001914;0.001587
"21/10/2015";0.001613;0.001667;0.001854;0.00155
"22/10/2015";0.001667;0.002148;0.002341;0.001557
"23/10/2015";0.002148;0.001879;0.002325;0.001805
"24/10/2015";0.001879;0.002033;0.002092;0.00186
"25/10/2015";0.002033;0.002262;0.002381;0.00194
"26/10/2015";0.002262;0.002608;0.0027;0.0021
"27/10/2015";0.002608;0.002983;0.00312;0.002461
"28/10/2015";0.002983;0.003332;0.00365;0.002635
"29/10/2015";0.003332;0.003716;0.00394;0.003071
"30/10/2015";0.003716;0.003179;0.0041;0.00286
"31/10/2015";0.003179;0.00287;0.003264;0.0028
"01/11/2015";0.00287;0.003245;0.003318;0.002824
"02/11/2015";0.003245;0.002681;0.00336;0.002611
"03/11/2015";0.002681;0.002504;0.002879;0.002234
"04/11/2015";0.002504;0.00217;0.002549;0.00137
"05/11/2015";0.00217;0.002321;0.00258;0.00205
"06/11/2015";0.002321;0.002494;0.00268;0.002222
"07/11/2015";0.002494;0.00238;0.00252;0.002184
"08/11/2015";0.00238;0.00275;0.002775;0.002349
"09/11/2015";0.00275;0.002621;0.00305;0.00242
"10/11/2015";0.002621;0.002726;0.002849;0.002546
"11/11/2015";0.002726;0.002579;0.002805;0.002225
"12/11/2015";0.002579;0.0027;0.0028;0.002345
"13/11/2015";0.0027;0.00267;0.002749;0.00255
"14/11/2015";0.00267;0.002668;0.00273;0.00262
"15/11/2015";0.002668;0.002832;0.00288;0.002655
"16/11/2015";0.002832;0.002842;0.00298;0.002704
"17/11/2015";0.002842;0.00298;0.00311;0.002702
"18/11/2015";0.00298;0.002958;0.003051;0.00283
"19/11/2015";0.002958;0.002934;0.00304;0.00285
"20/11/2015";0.002934;0.002892;0.00296;0.0028
"21/11/2015";0.002892;0.003;0.003051;0.002836
"22/11/2015";0.003;0.002978;0.003056;0.002955
"23/11/2015";0.002978;0.00293;0.003024;0.002832
"24/11/2015";0.00293;0.00287;0.002974;0.002829
"25/11/2015";0.00287;0.002632;0.002884;0.002593
"26/11/2015";0.002632;0.00249;0.002693;0.002257
"27/11/2015";0.00249;0.00241;0.002524;0.002331
"28/11/2015";0.00241;0.002563;0.002647;0.00241
"29/11/2015";0.002563;0.00234;0.002576;0.002331
"30/11/2015";0.00234;0.002318;0.002401;0.00222
"01/12/2015";0.002318;0.002407;0.002492;0.002281
"02/12/2015";0.002407;0.00229;0.002506;0.002273
"03/12/2015";0.00229;0.00228;0.002316;0.00211
"04/12/2015";0.00228;0.002325;0.0024;0.0022
"05/12/2015";0.002325;0.0022;0.00234;0.002169
"06/12/2015";0.0022;0.002129;0.002238;0.002075
"07/12/2015";0.002129;0.002015;0.002194;0.00196
"08/12/2015";0.002015;0.002;0.00208;0.001964
"09/12/2015";0.002;0.001891;0.002024;0.001817
"10/12/2015";0.001891;0.00202;0.002096;0.001875
"11/12/2015";0.00202;0.002038;0.002172;0.001889
"12/12/2015";0.002038;0.00225;0.00245;0.00202
"13/12/2015";0.00225;0.002196;0.002298;0.00213
"14/12/2015";0.002196;0.002233;0.00232;0.002181
"15/12/2015";0.002233;0.002199;0.002291;0.00215
"16/12/2015";0.002199;0.002197;0.002223;0.00215
"17/12/2015";0.002197;0.002068;0.00221;0.001977
"18/12/2015";0.002068;0.00197;0.002081;0.00196
"19/12/2015";0.00197;0.001951;0.001992;0.001889
"20/12/2015";0.001951;0.002035;0.002185;0.00195
"21/12/2015";0.002035;0.002041;0.00212;0.001991
"22/12/2015";0.002041;0.001991;0.002086;0.001968
"23/12/2015";0.001991;0.00191;0.002023;0.0019
"24/12/2015";0.00191;0.00188;0.001947;0.001859
"25/12/2015";0.00188;0.00191;0.001933;0.001879
"26/12/2015";0.00191;0.00205;0.00211;0.001903
"27/12/2015";0.00205;0.002013;0.00207;0.002007
"28/12/2015";0.002013;0.002;0.00205;0.00196
"29/12/2015";0.002;0.002021;0.002026;0.001964
"30/12/2015";0.002021;0.002137;0.002242;0.00199
"31/12/2015";0.002137;0.002165;0.002331;0.002105
"01/01/2016";0.002165;0.002152;0.00221;0.002132
"02/01/2016";0.002152;0.002151;0.00223;0.002146
"03/01/2016";0.002151;0.002251;0.00231;0.00215
"04/01/2016";0.002251;0.002181;0.002261;0.002108
"05/01/2016";0.002181;0.002205;0.00225;0.002168
"06/01/2016";0.002205;0.002222;0.002241;0.002171
"07/01/2016";0.002222;0.002077;0.00229;0.002051
"08/01/2016";0.002077;0.00217;0.00221;0.002035
"09/01/2016";0.00217;0.002189;0.002214;0.002154
"10/01/2016";0.002189;0.002227;0.002276;0.00218
"11/01/2016";0.002227;0.002334;0.002394;0.002217
"12/01/2016";0.002334;0.002581;0.002916;0.002334
"13/01/2016";0.002581;0.002622;0.00269;0.00249
"14/01/2016";0.002622;0.002729;0.00273;0.002536
"15/01/2016";0.002729;0.00327;0.003439;0.002701
"16/01/2016";0.00327;0.00316;0.003549;0.00311
"17/01/2016";0.00316;0.003419;0.003429;0.0031
"18/01/2016";0.003419;0.003635;0.004;0.00338
"19/01/2016";0.003635;0.003601;0.0038;0.003361
"20/01/2016";0.003619;0.003702;0.00399;0.00352
"21/01/2016";0.003702;0.003783;0.0038;0.003541
"22/01/2016";0.003783;0.003895;0.00396;0.0037
"23/01/2016";0.003895;0.00521;0.005325;0.003891
"24/01/2016";0.00521;0.005261;0.005775;0.00486
"25/01/2016";0.005261;0.006269;0.006882;0.005151
"26/01/2016";0.006269;0.00551;0.007321;0.0047
"27/01/2016";0.00551;0.0061;0.00664;0.00526
"28/01/2016";0.0061;0.00664;0.00705;0.00587
"29/01/2016";0.00664;0.006558;0.00709;0.0059
"30/01/2016";0.006558;0.006437;0.00691;0.006311
"31/01/2016";0.006437;0.00633;0.006702;0.005729
"01/02/2016";0.00633;0.00596;0.006359;0.00561
"02/02/2016";0.00596;0.006465;0.006549;0.00575
"03/02/2016";0.006465;0.006781;0.00686;0.006257
"04/02/2016";0.006781;0.0066;0.0069;0.00641
"05/02/2016";0.0066;0.00655;0.006735;0.00627
"06/02/2016";0.00655;0.006701;0.0068;0.006497
"07/02/2016";0.006701;0.007839;0.00825;0.006701
"08/02/2016";0.007839;0.0086;0.008741;0.0076
"09/02/2016";0.0086;0.009892;0.009999;0.00847
"10/02/2016";0.009892;0.0117;0.013;0.0095
"11/02/2016";0.0117;0.01595;0.01742;0.01127
"12/02/2016";0.01595;0.01435;0.0178;0.01321
"13/02/2016";0.01435;0.01342;0.0152;0.01059
"14/02/2016";0.01342;0.01263;0.01401;0.01102
"15/02/2016";0.01263;0.01309;0.01457;0.01235
"16/02/2016";0.01309;0.0107;0.01365;0.00955
"17/02/2016";0.0107;0.008852;0.0119;0.008252
"18/02/2016";0.008852;0.0103;0.0122;0.008
"19/02/2016";0.0103;0.01066;0.01145;0.01005
"20/02/2016";0.01066;0.009742;0.0114;0.00938
"21/02/2016";0.009742;0.01074;0.0108;0.0096
"22/02/2016";0.01074;0.01296;0.01306;0.01057
"23/02/2016";0.01291;0.01332;0.01385;0.01261
"24/02/2016";0.01332;0.01458;0.01487;0.0129
"25/02/2016";0.01458;0.01399;0.01577;0.01146
"26/02/2016";0.01399;0.01389;0.01475;0.01332
"27/02/2016";0.01389;0.01473;0.01515;0.01362
"28/02/2016";0.01473;0.01489;0.01562;0.01461
"29/02/2016";0.01489;0.01445;0.0152;0.0138
"01/03/2016";0.01445;0.01757;0.01849;0.01437
"02/03/2016";0.01757;0.0198;0.0206;0.01699
"03/03/2016";0.0198;0.02265;0.02389;0.01961
"04/03/2016";0.02265;0.02457;0.02499;0.0198
"05/03/2016";0.02457;0.02771;0.031;0.02363
"06/03/2016";0.02771;0.02735;0.03;0.02251
"07/03/2016";0.02735;0.02271;0.02889;0.02222
"08/03/2016";0.02271;0.02351;0.02475;0.02122
"09/03/2016";0.02351;0.02888;0.0294;0.0233
"10/03/2016";0.02888;0.02692;0.0298;0.026
"11/03/2016";0.02692;0.02674;0.02765;0.02454
"12/03/2016";0.02674;0.03261;0.03353;0.0262
"13/03/2016";0.03261;0.0362;0.0372;0.0323
"14/03/2016";0.0362;0.03025;0.03679;0.0269
"15/03/2016";0.03025;0.03104;0.03178;0.0282
"16/03/2016";0.03104;0.03089;0.0332;0.03029
"17/03/2016";0.03089;0.02624;0.03089;0.0245
"18/03/2016";0.02624;0.02629;0.02678;0.02041
"19/03/2016";0.02629;0.02555;0.02749;0.0238
"20/03/2016";0.02555;0.02461;0.0266;0.023
"21/03/2016";0.02461;0.02888;0.02916;0.02451
"22/03/2016";0.02888;0.027;0.02891;0.0266
"23/03/2016";0.027;0.02979;0.0298;0.0268
"24/03/2016";0.02979;0.02681;0.02996;0.02578
"25/03/2016";0.02681;0.02558;0.02748;0.02508
"26/03/2016";0.02558;0.02652;0.02696;0.02531
"27/03/2016";0.02652;0.02436;0.0267;0.02351
"28/03/2016";0.02436;0.02767;0.02814;0.02436
"29/03/2016";0.02767;0.0283;0.0288;0.02657
"30/03/2016";0.0283;0.02863;0.02943;0.02751
"31/03/2016";0.02863;0.0272;0.029;0.02683
"01/04/2016";0.0272;0.02797;0.0285;0.02719
"02/04/2016";0.02797;0.02754;0.02797;0.027
"03/04/2016";0.02754;0.02752;0.02788;0.0273
"04/04/2016";0.02752;0.02652;0.02766;0.02622
"05/04/2016";0.02652;0.02453;0.02669;0.02384
"06/04/2016";0.02453;0.02546;0.0259;0.02412
"07/04/2016";0.02546;0.02387;0.02569;0.02339
"08/04/2016";0.02387;0.02325;0.0246;0.02251
"09/04/2016";0.02325;0.02195;0.0242;0.02123
"10/04/2016";0.02195;0.02092;0.0221;0.0176
"11/04/2016";0.02092;0.02055;0.02132;0.01885
"12/04/2016";0.02055;0.01769;0.02055;0.01675
"13/04/2016";0.01769;0.01889;0.02059;0.0165
"14/04/2016";0.01889;0.01981;0.02084;0.0188
"15/04/2016";0.01981;0.01921;0.02025;0.01871
"16/04/2016";0.01921;0.01999;0.02019;0.0187
"17/04/2016";0.01999;0.022;0.02277;0.0198
"18/04/2016";0.022;0.02082;0.02225;0.01977
"19/04/2016";0.02082;0.01989;0.02175;0.01973
"20/04/2016";0.01989;0.0194;0.02029;0.0186
"21/04/2016";0.0194;0.01796;0.01984;0.0176
"22/04/2016";0.01796;0.01752;0.01873;0.01717
"23/04/2016";0.01752;0.01858;0.01923;0.0172
"24/04/2016";0.01858;0.01737;0.01878;0.0173
"25/04/2016";0.01737;0.016;0.01772;0.01556
"26/04/2016";0.016;0.01583;0.0164;0.01513
"27/04/2016";0.01583;0.0173;0.01764;0.01567
"28/04/2016";0.0173;0.01612;0.01799;0.0161
"29/04/2016";0.01612;0.01646;0.0173;0.01582
"30/04/2016";0.01646;0.01994;0.02087;0.01632
"01/05/2016";0.01994;0.01951;0.02009;0.01865
"02/05/2016";0.01951;0.02288;0.02343;0.01944
"03/05/2016";0.02288;0.02058;0.02297;0.02053
"04/05/2016";0.02058;0.021;0.0225;0.02035
"05/05/2016";0.021;0.02196;0.0226;0.0207
"06/05/2016";0.02196;0.02008;0.02233;0.0193
"07/05/2016";0.02008;0.02039;0.02076;0.01992
"08/05/2016";0.02039;0.02074;0.02117;0.0194
"09/05/2016";0.02074;0.02025;0.0212;0.01971
"10/05/2016";0.02025;0.02074;0.02099;0.01996
"11/05/2016";0.02074;0.02207;0.02213;0.0207
"12/05/2016";0.02207;0.0223;0.02335;0.02172
"13/05/2016";0.0223;0.02299;0.02442;0.02191
"14/05/2016";0.02299;0.0224;0.0233;0.02129
"15/05/2016";0.0224;0.02178;0.02295;0.02155
"16/05/2016";0.02178;0.02445;0.02565;0.02172
"17/05/2016";0.02445;0.0267;0.0276;0.02442
"18/05/2016";0.0267;0.02935;0.0315;0.02655
"19/05/2016";0.02935;0.03332;0.03335;0.02913
"20/05/2016";0.03332;0.031;0.03415;0.03
"21/05/2016";0.031;0.03155;0.03182;0.02952
"22/05/2016";0.03155;0.03248;0.0328;0.03105
"23/05/2016";0.03248;0.03034;0.0331;0.03026
"24/05/2016";0.03034;0.02827;0.03108;0.0266
"25/05/2016";0.02827;0.02785;0.02897;0.02601
"26/05/2016";0.02785;0.02768;0.029;0.02653
"27/05/2016";0.02768;0.02358;0.02769;0.0219
"28/05/2016";0.02358;0.02234;0.0251;0.02067
"29/05/2016";0.02234;0.02368;0.02424;0.0219
"30/05/2016";0.02368;0.0238;0.02418;0.02265
"31/05/2016";0.0238;0.02634;0.0276;0.02337
"01/06/2016";0.02634;0.02572;0.0273;0.02493
"02/06/2016";0.02572;0.02563;0.02645;0.02513
"03/06/2016";0.02563;0.02436;0.0259;0.02293
"04/06/2016";0.02436;0.02392;0.02472;0.02283
"05/06/2016";0.02392;0.02436;0.02475;0.0234
"06/06/2016";0.02436;0.02383;0.02449;0.02347
"07/06/2016";0.02383;0.025;0.02538;0.0234
"08/06/2016";0.025;0.0249;0.02585;0.02466
"09/06/2016";0.0249;0.02491;0.02555;0.02456
"10/06/2016";0.02491;0.02417;0.02515;0.02391
"11/06/2016";0.02417;0.02351;0.02418;0.02336
"12/06/2016";0.02351;0.0236;0.024;0.02208
"13/06/2016";0.0236;0.02508;0.0253;0.0229
"14/06/2016";0.02508;0.02754;0.0281;0.02485
"15/06/2016";0.02754;0.02667;0.02782;0.02605
"16/06/2016";0.02667;0.02695;0.02724;0.02562
"17/06/2016";0.02695;0.02094;0.02799;0.01722
"18/06/2016";0.02094;0.01494;0.021;0.01244
"19/06/2016";0.01494;0.01625;0.01766;0.01402
"20/06/2016";0.01625;0.01598;0.01653;0.0137
"21/06/2016";0.01598;0.01904;0.01945;0.01598
"22/06/2016";0.01904;0.02226;0.0239;0.019
"23/06/2016";0.02226;0.02187;0.02346;0.02151
"24/06/2016";0.02187;0.02157;0.02196;0.02
"25/06/2016";0.02157;0.02137;0.02185;0.02067
"26/06/2016";0.02137;0.02192;0.023;0.02137
"27/06/2016";0.02192;0.02144;0.02229;0.0212
"28/06/2016";0.02144;0.01893;0.02151;0.01765
"29/06/2016";0.01893;0.02;0.0205;0.01809
"30/06/2016";0.02;0.01851;0.02005;0.01844
"01/07/2016";0.01851;0.01824;0.01862;0.01722
"02/07/2016";0.01824;0.01735;0.01829;0.01715
"03/07/2016";0.01735;0.01776;0.01816;0.01716
"04/07/2016";0.01776;0.01685;0.01799;0.01679
"05/07/2016";0.01685;0.01576;0.01699;0.01415
"06/07/2016";0.01576;0.0155;0.01649;0.01518
"07/07/2016";0.0155;0.01578;0.01623;0.01501
"08/07/2016";0.01578;0.01701;0.0175;0.01555
"09/07/2016";0.01701;0.01677;0.01735;0.0164
"10/07/2016";0.01677;0.01684;0.0171;0.01653
"11/07/2016";0.01684;0.01617;0.01688;0.01574
"12/07/2016";0.01617;0.01565;0.01656;0.0155
"13/07/2016";0.01565;0.01578;0.01601;0.01552
"14/07/2016";0.01578;0.01758;0.01777;0.01578
"15/07/2016";0.01758;0.0179;0.01876;0.01735
"16/07/2016";0.0179;0.01753;0.0181;0.01749
"17/07/2016";0.01753;0.01652;0.0176;0.01616
"18/07/2016";0.01652;0.01634;0.0171;0.01618
"19/07/2016";0.01634;0.0174;0.01802;0.01623
"20/07/2016";0.0174;0.01867;0.0195;0.01715
"21/07/2016";0.01867;0.01886;0.01914;0.01797
"22/07/2016";0.01886;0.02268;0.02282;0.01869
"23/07/2016";0.02268;0.0217;0.0229;0.02132
"24/07/2016";0.0217;0.0191;0.0222;0.01823
"25/07/2016";0.0191;0.02121;0.02125;0.01909
"26/07/2016";0.02121;0.01829;0.02125;0.0176
"27/07/2016";0.01829;0.01989;0.0207;0.01792
"28/07/2016";0.01989;0.0196;0.01999;0.01896
"29/07/2016";0.0196;0.01958;0.01976;0.01914
"30/07/2016";0.01958;0.01906;0.01958;0.019
"31/07/2016";0.01906;0.01899;0.01975;0.018
"01/08/2016";0.01899;0.0182;0.0193;0.01815
"02/08/2016";0.0182;0.01629;0.01833;0.01353
"03/08/2016";0.01629;0.01798;0.0185;0.01562
"04/08/2016";0.01798;0.01927;0.0197;0.01776
"05/08/2016";0.01927;0.01902;0.01947;0.0187
"06/08/2016";0.01902;0.0186;0.01906;0.01791
"07/08/2016";0.0186;0.01853;0.01885;0.01812
"08/08/2016";0.01853;0.0192;0.01926;0.01826
"09/08/2016";0.0192;0.0208;0.02129;0.01901
"10/08/2016";0.0208;0.0208;0.0213;0.01991
"11/08/2016";0.0208;0.01982;0.02083;0.0195
"12/08/2016";0.01982;0.02006;0.02059;0.0198
"13/08/2016";0.02006;0.01972;0.02013;0.01959
"14/08/2016";0.01972;0.01961;0.02011;0.01945
"15/08/2016";0.01961;0.01974;0.01983;0.0194
"16/08/2016";0.01974;0.01924;0.01988;0.01914
"17/08/2016";0.01924;0.01877;0.01937;0.01871
"18/08/2016";0.01877;0.01872;0.01926;0.01865
"19/08/2016";0.01872;0.01871;0.01888;0.01859
"20/08/2016";0.01871;0.0194;0.0195;0.01868
"21/08/2016";0.0194;0.01922;0.01941;0.0188
"22/08/2016";0.01922;0.01893;0.0195;0.0188
"23/08/2016";0.01893;0.01888;0.01921;0.01866
"24/08/2016";0.01888;0.01901;0.01925;0.01888
"25/08/2016";0.01901;0.0197;0.01976;0.019
"26/08/2016";0.0197;0.01951;0.01989;0.01931
"27/08/2016";0.01951;0.01959;0.01977;0.01938
"28/08/2016";0.01959;0.019;0.01961;0.01898
"29/08/2016";0.019;0.01904;0.01943;0.0186
"30/08/2016";0.01904;0.01951;0.01969;0.01893
"31/08/2016";0.01951;0.02021;0.02029;0.01932
"01/09/2016";0.02021;0.02125;0.02225;0.0201
"02/09/2016";0.02125;0.02099;0.0215;0.02073
"03/09/2016";0.02099;0.01964;0.02155;0.019
"04/09/2016";0.01964;0.01918;0.0198;0.01891
"05/09/2016";0.01918;0.01937;0.01962;0.01905
"06/09/2016";0.01937;0.0191;0.01937;0.01873
"07/09/2016";0.0191;0.0188;0.01927;0.01866
"08/09/2016";0.0188;0.01816;0.01901;0.0178
"09/09/2016";0.01816;0.01868;0.01884;0.018
"10/09/2016";0.01868;0.0194;0.0194;0.01845
"11/09/2016";0.0194;0.01921;0.01965;0.01858
"12/09/2016";0.01921;0.01959;0.01971;0.01908
"13/09/2016";0.01959;0.01959;0.02004;0.01942
"14/09/2016";0.01959;0.01955;0.01965;0.01911
"15/09/2016";0.01955;0.01965;0.01987;0.0195
"16/09/2016";0.01965;0.02076;0.02118;0.0195
"17/09/2016";0.02076;0.02101;0.02107;0.02047
"18/09/2016";0.02101;0.01991;0.0214;0.01967
"19/09/2016";0.01991;0.02123;0.02141;0.01984
"20/09/2016";0.02123;0.0235;0.02364;0.02121
"21/09/2016";0.0235;0.02301;0.0241;0.022
"22/09/2016";0.02301;0.02191;0.02317;0.02071
"23/09/2016";0.02191;0.02204;0.02246;0.02186
"24/09/2016";0.02204;0.02138;0.02215;0.0207
"25/09/2016";0.02138;0.02167;0.02177;0.02118
"26/09/2016";0.02167;0.02108;0.022;0.02103
"27/09/2016";0.02108;0.02164;0.02186;0.02102
"28/09/2016";0.02164;0.0219;0.0224;0.02155
"29/09/2016";0.0219;0.02164;0.02212;0.0215
"30/09/2016";0.02164;0.02173;0.02209;0.02143
"01/10/2016";0.02173;0.02142;0.0219;0.02107
"02/10/2016";0.02142;0.02161;0.02181;0.02133
"03/10/2016";0.02161;0.02202;0.02215;0.02148
"04/10/2016";0.02202;0.02181;0.0222;0.02159
"05/10/2016";0.02181;0.02124;0.0219;0.02124
"06/10/2016";0.02124;0.021;0.0215;0.02066
"07/10/2016";0.021;0.0205;0.02122;0.02024
"08/10/2016";0.0205;0.01966;0.02055;0.0193
"09/10/2016";0.01966;0.01952;0.02009;0.01928
"10/10/2016";0.01952;0.01898;0.01956;0.01866
"11/10/2016";0.01898;0.01825;0.01959;0.0181
"12/10/2016";0.01825;0.01843;0.01905;0.01821
"13/10/2016";0.01843;0.01907;0.01927;0.0184
"14/10/2016";0.01907;0.01865;0.01907;0.01857
"15/10/2016";0.01865;0.01873;0.01889;0.01831
"16/10/2016";0.01873;0.01857;0.0189;0.01851
"17/10/2016";0.01857;0.01876;0.01888;0.0184
"18/10/2016";0.01876;0.01967;0.02023;0.01876
"19/10/2016";0.01967;0.01906;0.01986;0.01884
"20/10/2016";0.01906;0.01909;0.01957;0.01896
"21/10/2016";0.01909;0.01917;0.01929;0.01901
"22/10/2016";0.01917;0.01843;0.01923;0.01819
"23/10/2016";0.01843;0.01834;0.01855;0.0181
"24/10/2016";0.01834;0.0182;0.01847;0.0182
"25/10/2016";0.0182;0.01743;0.0183;0.01679
"26/10/2016";0.01743;0.01704;0.01796;0.01685
"27/10/2016";0.01704;0.0167;0.01705;0.0163
"28/10/2016";0.0167;0.01605;0.01693;0.01586
"29/10/2016";0.01605;0.01444;0.01614;0.01315
"30/10/2016";0.01444;0.01608;0.01654;0.0144
"31/10/2016";0.01608;0.01566;0.0165;0.01544
"01/11/2016";0.01566;0.01475;0.0158;0.01397
"02/11/2016";0.01475;0.01472;0.01552;0.01455
"03/11/2016";0.01472;0.01581;0.01612;0.01449
"04/11/2016";0.01581;0.01584;0.016;0.01539
"05/11/2016";0.01584;0.01574;0.0159;0.01552
"06/11/2016";0.01574;0.0153;0.01578;0.01528
"07/11/2016";0.0153;0.01539;0.0158;0.01523
"08/11/2016";0.01539;0.01525;0.01559;0.01504
"09/11/2016";0.01525;0.01479;0.01528;0.01395
"10/11/2016";0.01479;0.01479;0.01498;0.01455
"11/11/2016";0.01479;0.0144;0.01485;0.01429
"12/11/2016";0.0144;0.014;0.01462;0.0138
"13/11/2016";0.014;0.0144;0.01509;0.01367
"14/11/2016";0.0144;0.01416;0.01451;0.01412
"15/11/2016";0.01416;0.01434;0.01451;0.01384
"16/11/2016";0.01434;0.01355;0.01456;0.01323
"17/11/2016";0.01355;0.01346;0.01368;0.01316
"18/11/2016";0.01346;0.01262;0.0136;0.0123
"19/11/2016";0.01262;0.01285;0.0131;0.01255
"20/11/2016";0.01285;0.01309;0.01337;0.01262
"21/11/2016";0.01309;0.013;0.01322;0.01282
"22/11/2016";0.013;0.01313;0.01384;0.01271
"23/11/2016";0.01313;0.01314;0.01347;0.01299
"24/11/2016";0.01314;0.01252;0.01325;0.011
"25/11/2016";0.01252;0.01268;0.01328;0.01241
"26/11/2016";0.01268;0.01263;0.01295;0.01254
"27/11/2016";0.01263;0.01228;0.0128;0.01185
"28/11/2016";0.01228;0.0119;0.01233;0.0118
"29/11/2016";0.0119;0.01117;0.0119;0.01011
"30/11/2016";0.01117;0.01158;0.01192;0.01105
"01/12/2016";0.01158;0.01121;0.0116;0.01098
"02/12/2016";0.01121;0.009879;0.01123;0.0094
"03/12/2016";0.009879;0.01033;0.01072;0.00983
"04/12/2016";0.01033;0.009816;0.01038;0.0096
"05/12/2016";0.009816;0.00887;0.01003;0.00864
"06/12/2016";0.00887;0.01023;0.01044;0.0076
"07/12/2016";0.01023;0.01085;0.0112;0.00958
"08/12/2016";0.01085;0.01075;0.01158;0.01065
"09/12/2016";0.01075;0.01105;0.01127;0.01043
"10/12/2016";0.01105;0.01047;0.01105;0.0103
"11/12/2016";0.01047;0.0107;0.0108;0.01044
"12/12/2016";0.0107;0.01092;0.01119;0.01052
"13/12/2016";0.01092;0.01073;0.01095;0.01064
"14/12/2016";0.01073;0.01059;0.01101;0.0105
"15/12/2016";0.01059;0.01;0.01059;0.00987
"16/12/2016";0.01;0.009961;0.01018;0.009878
"17/12/2016";0.009961;0.009764;0.01003;0.00922
"18/12/2016";0.009764;0.009978;0.0101;0.009725
"19/12/2016";0.009978;0.009614;0.009978;0.00954
"20/12/2016";0.009614;0.009501;0.009888;0.009427
"21/12/2016";0.009501;0.009495;0.009716;0.00945
"22/12/2016";0.009495;0.008884;0.009522;0.008555
"23/12/2016";0.008884;0.007785;0.008887;0.007739
"24/12/2016";0.007785;0.008125;0.008297;0.007692
"25/12/2016";0.008125;0.00803;0.0084;0.007975
"26/12/2016";0.00803;0.008024;0.00821;0.007779
"27/12/2016";0.008024;0.007721;0.00816;0.007522
"28/12/2016";0.007721;0.007674;0.008089;0.007302
"29/12/2016";0.007674;0.00843;0.0089;0.007647
"30/12/2016";0.00843;0.008505;0.00897;0.008387
"31/12/2016";0.008505;0.00832;0.008628;0.008251
"01/01/2017";0.00832;0.008192;0.008931;0.008001
"02/01/2017";0.008192;0.008174;0.008434;0.007823
"03/01/2017";0.008174;0.009325;0.00975;0.008033
"04/01/2017";0.009325;0.009698;0.0101;0.009
"05/01/2017";0.009698;0.01024;0.01045;0.009251
"06/01/2017";0.01024;0.0114;0.01164;0.01008
"07/01/2017";0.0114;0.01095;0.01187;0.01011
"08/01/2017";0.01095;0.01129;0.01149;0.01051
"09/01/2017";0.01129;0.01143;0.0122;0.011
"10/01/2017";0.01143;0.0116;0.01192;0.01122
"11/01/2017";0.0116;0.01225;0.01245;0.01142
"12/01/2017";0.01225;0.01199;0.01263;0.0119
"13/01/2017";0.01199;0.01168;0.01221;0.01145
"14/01/2017";0.01168;0.01187;0.012;0.01146
"15/01/2017";0.01187;0.01193;0.0121;0.01177
"16/01/2017";0.01193;0.01155;0.01195;0.0114
"17/01/2017";0.01155;0.01121;0.01189;0.01103
"18/01/2017";0.01121;0.01157;0.01178;0.0112
"19/01/2017";0.01157;0.01158;0.01164;0.01131
"20/01/2017";0.01158;0.01184;0.0121;0.01153
"21/01/2017";0.01184;0.01185;0.012;0.01128
"22/01/2017";0.01185;0.01164;0.01188;0.01162
"23/01/2017";0.01164;0.01166;0.01177;0.01151
"24/01/2017";0.01166;0.01179;0.01194;0.01161
"25/01/2017";0.01179;0.0117;0.01196;0.01166
"26/01/2017";0.0117;0.01162;0.01176;0.01137
"27/01/2017";0.01162;0.01141;0.01163;0.0113
"28/01/2017";0.01141;0.01151;0.01152;0.01126
"29/01/2017";0.01151;0.01143;0.01151;0.01131
"30/01/2017";0.01143;0.01146;0.01172;0.01135
"31/01/2017";0.01146;0.01105;0.0115;0.011
"01/02/2017";0.01105;0.01084;0.0112;0.01067
"02/02/2017";0.01084;0.01074;0.01086;0.01066
"03/02/2017";0.01074;0.01077;0.0108;0.0104
"04/02/2017";0.01077;0.01097;0.01123;0.01077
"05/02/2017";0.01097;0.01107;0.01114;0.0109
"06/02/2017";0.01107;0.01102;0.0111;0.01085
"07/02/2017";0.01102;0.01087;0.01111;0.01085
"08/02/2017";0.01087;0.01076;0.01089;0.01061
"09/02/2017";0.01076;0.01112;0.01131;0.01061
"10/02/2017";0.01112;0.01133;0.01159;0.01105
"11/02/2017";0.01133;0.0113;0.01148;0.01114
"12/02/2017";0.0113;0.01138;0.0114;0.01121
"13/02/2017";0.01138;0.01136;0.01146;0.01121
"14/02/2017";0.01136;0.01282;0.0135;0.01132
"15/02/2017";0.01282;0.01278;0.01297;0.0125
"16/02/2017";0.01278;0.01237;0.01281;0.01211
"17/02/2017";0.01237;0.01207;0.01241;0.0119
"18/02/2017";0.01207;0.01214;0.01215;0.01188
"19/02/2017";0.01214;0.01215;0.01225;0.01203
"20/02/2017";0.01215;0.0113;0.0124;0.01115
"21/02/2017";0.0113;0.01133;0.01171;0.0112
"22/02/2017";0.01133;0.01122;0.01157;0.01103
"23/02/2017";0.01122;0.01127;0.01132;0.01112
"24/02/2017";0.01127;0.01127;0.01127;0.01127
"25/02/2017";0.01105;0.01175;0.01199;0.01096
"26/02/2017";0.01175;0.0124;0.01244;0.01153
"27/02/2017";0.0124;0.01297;0.0132;0.01206
"28/02/2017";0.01297;0.01327;0.01346;0.0126
"01/03/2017";0.01327;0.01411;0.01425;0.01267
"02/03/2017";0.01411;0.01508;0.0154;0.0136
"03/03/2017";0.01508;0.0151;0.01633;0.01425
"04/03/2017";0.0151;0.01456;0.01563;0.01456
"05/03/2017";0.01456;0.0151;0.01534;0.01439
"06/03/2017";0.0151;0.01525;0.01577;0.01487
"07/03/2017";0.01525;0.01528;0.01563;0.01492
"08/03/2017";0.01528;0.01443;0.01538;0.01437
"09/03/2017";0.01443;0.01481;0.01498;0.0139
"10/03/2017";0.01481;0.01743;0.01806;0.01383
"11/03/2017";0.01743;0.01815;0.01871;0.01623
"12/03/2017";0.01815;0.01902;0.01949;0.01784
"13/03/2017";0.01902;0.02288;0.0253;0.019
"14/03/2017";0.02288;0.02295;0.02439;0.021
"15/03/2017";0.02295;0.0279;0.0279;0.0225
"16/03/2017";0.0279;0.03868;0.0407;0.02752
"17/03/2017";0.03868;0.04168;0.0474;0.03238
"18/03/2017";0.04168;0.035;0.042;0.0319
"19/03/2017";0.035;0.04224;0.0439;0.035
"20/03/2017";0.04224;0.0408;0.04385;0.0388
"21/03/2017";0.0408;0.03809;0.04125;0.0371
"22/03/2017";0.03809;0.04;0.0411;0.0365
"23/03/2017";0.04;0.04181;0.0429;0.0384
"24/03/2017";0.04181;0.0564;0.0579;0.0414
"25/03/2017";0.0564;0.05255;0.0575;0.05012
"26/03/2017";0.05255;0.05221;0.05418;0.04823
"27/03/2017";0.05221;0.04689;0.0533;0.0456
"28/03/2017";0.04689;0.04823;0.0493;0.04574
"29/03/2017";0.04823;0.05072;0.05299;0.0477
"30/03/2017";0.05072;0.0498;0.05199;0.04901
"31/03/2017";0.0498;0.04592;0.04989;0.0432
"01/04/2017";0.04592;0.04624;0.0484;0.0439
"02/04/2017";0.04624;0.0437;0.04735;0.03531
"03/04/2017";0.0437;0.0382;0.04388;0.037
"04/04/2017";0.0382;0.03878;0.04051;0.03551
"05/04/2017";0.03878;0.0397;0.04247;0.03856
"06/04/2017";0.0397;0.03618;0.0399;0.03343
"07/04/2017";0.03618;0.03528;0.03783;0.0346
"08/04/2017";0.03528;0.03747;0.04244;0.03528
"09/04/2017";0.03747;0.0361;0.03773;0.03554
"10/04/2017";0.0361;0.03616;0.03709;0.03514
"11/04/2017";0.03616;0.03569;0.03719;0.0354
"12/04/2017";0.03569;0.03811;0.0407;0.03556
"13/04/2017";0.03811;0.0425;0.044;0.03796
"14/04/2017";0.0425;0.04013;0.04267;0.03903
"15/04/2017";0.04013;0.0415;0.043;0.03931
"16/04/2017";0.0415;0.041;0.04162;0.04034
"17/04/2017";0.041;0.0401;0.04125;0.0384
"18/04/2017";0.0401;0.04136;0.04196;0.03966
"19/04/2017";0.04136;0.03925;0.0421;0.03628
"20/04/2017";0.03925;0.03984;0.04035;0.03844
"21/04/2017";0.03984;0.03864;0.03986;0.03814
"22/04/2017";0.03864;0.03896;0.03985;0.03845
"23/04/2017";0.03896;0.0392;0.03958;0.0383
"24/04/2017";0.0392;0.0399;0.04049;0.03919
"25/04/2017";0.0399;0.03912;0.04008;0.0389
"26/04/2017";0.03912;0.04104;0.0418;0.039
"27/04/2017";0.04104;0.04726;0.04749;0.04051
"28/04/2017";0.04726;0.05346;0.0545;0.04661
"29/04/2017";0.05346;0.0514;0.0545;0.04965
"30/04/2017";0.0514;0.05824;0.0589;0.0514
"01/05/2017";0.05824;0.053;0.0605;0.0486
"02/05/2017";0.053;0.05252;0.055;0.04913
"03/05/2017";0.05252;0.05312;0.05461;0.05077
"04/05/2017";0.05312;0.0615;0.0631;0.05234
"05/05/2017";0.0615;0.0593;0.06301;0.0565
"06/05/2017";0.0593;0.06049;0.06075;0.0575
"07/05/2017";0.06049;0.0584;0.0622;0.0555
"08/05/2017";0.0584;0.0521;0.05859;0.052
"09/05/2017";0.0521;0.0506;0.05369;0.03865
"10/05/2017";0.0506;0.0492;0.05288;0.0478
"11/05/2017";0.0492;0.04799;0.05076;0.0468
"12/05/2017";0.04799;0.0502;0.05171;0.04688
"13/05/2017";0.0502;0.04925;0.0517;0.0485
"14/05/2017";0.04925;0.0498;0.0503;0.04831
"15/05/2017";0.0498;0.0521;0.055;0.04951
"16/05/2017";0.0521;0.04948;0.05394;0.04808
"17/05/2017";0.04948;0.04791;0.04978;0.04631
"18/05/2017";0.04791;0.05072;0.05285;0.0478
"19/05/2017";0.05072;0.06317;0.06587;0.05005
"20/05/2017";0.06317;0.05972;0.0653;0.05825
"21/05/2017";0.05972;0.0723;0.07239;0.0583
"22/05/2017";0.0723;0.07469;0.0865;0.06685
"23/05/2017";0.07469;0.07445;0.078;0.0678
"24/05/2017";0.07445;0.07683;0.08471;0.07324
"25/05/2017";0.07683;0.0748;0.07975;0.07161
"26/05/2017";0.0748;0.07207;0.0771;0.07065
"27/05/2017";0.07207;0.0758;0.0779;0.0642
"28/05/2017";0.0758;0.07856;0.0807;0.07485
"29/05/2017";0.07856;0.0858;0.08632;0.07662
"30/05/2017";0.0858;0.1058;0.113;0.08228
"31/05/2017";0.1058;0.09969;0.1082;0.0942
"01/06/2017";0.09969;0.09154;0.09988;0.08802
"02/06/2017";0.09154;0.08933;0.0955;0.08894
"03/06/2017";0.08933;0.08743;0.09168;0.08549
"04/06/2017";0.08743;0.08743;0.08743;0.08743
"05/06/2017";0.09712;0.0917;0.09789;0.09161
"06/06/2017";0.0917;0.0918;0.09448;0.08631
"07/06/2017";0.0918;0.09481;0.09517;0.09166
"08/06/2017";0.09481;0.0926;0.09572;0.092
"09/06/2017";0.0926;0.0991;0.09989;0.0924
"10/06/2017";0.0991;0.1165;0.122;0.0988
"11/06/2017";0.1165;0.1138;0.1229;0.1074
"12/06/2017";0.1138;0.1502;0.1512;0.1134
"13/06/2017";0.1502;0.1436;0.153;0.1285
"14/06/2017";0.1436;0.1401;0.1441;0.135
"15/06/2017";0.1401;0.1425;0.1428;0.1294
"16/06/2017";0.1425;0.1428;0.1449;0.1369
"17/06/2017";0.1428;0.1398;0.143;0.137
"18/06/2017";0.1398;0.1402;0.1441;0.1381
"19/06/2017";0.1402;0.1381;0.1416;0.138
"20/06/2017";0.1381;0.1303;0.1412;0.113
"21/06/2017";0.1303;0.1235;0.1337;0.1105
"22/06/2017";0.1235;0.1206;0.1253;0.1165
"23/06/2017";0.1206;0.1216;0.1251;0.1185
"24/06/2017";0.1216;0.1186;0.1224;0.1182
"25/06/2017";0.1186;0.1113;0.1205;0.1036
"26/06/2017";0.1113;0.105;0.1145;0.09266
"27/06/2017";0.105;0.1118;0.1121;0.0928
"28/06/2017";0.1118;0.1239;0.125;0.1057
"29/06/2017";0.1239;0.1154;0.1265;0.1135
"30/06/2017";0.1154;0.114;0.1204;0.1105
"01/07/2017";0.114;0.1087;0.1142;0.105
"02/07/2017";0.1087;0.1132;0.1169;0.1059
"03/07/2017";0.1132;0.1087;0.1137;0.1076
"04/07/2017";0.1087;0.1032;0.1109;0.103
"05/07/2017";0.1032;0.1019;0.1054;0.0984
"06/07/2017";0.1019;0.1024;0.1056;0.1002
"07/07/2017";0.1024;0.09638;0.1033;0.0956
"08/07/2017";0.09638;0.09632;0.0983;0.09315
"09/07/2017";0.09632;0.09497;0.09798;0.09429
"10/07/2017";0.09497;0.0877;0.0955;0.083
"11/07/2017";0.0877;0.08261;0.091;0.07429
"12/07/2017";0.08261;0.09434;0.0949;0.07855
"13/07/2017";0.09434;0.08764;0.09446;0.08262
"14/07/2017";0.08764;0.08898;0.09;0.08288
"15/07/2017";0.08898;0.08581;0.09147;0.0854
"16/07/2017";0.08581;0.08127;0.08645;0.074
"17/07/2017";0.08127;0.0854;0.0864;0.08062
"18/07/2017";0.0854;0.09848;0.1115;0.0825
"19/07/2017";0.09848;0.08638;0.1027;0.0832
"20/07/2017";0.08638;0.0791;0.09481;0.0732
"21/07/2017";0.0791;0.08132;0.0864;0.07819
"22/07/2017";0.08132;0.08177;0.08393;0.079
"23/07/2017";0.08177;0.08312;0.08387;0.08071
"24/07/2017";0.08312;0.08185;0.0835;0.08147
"25/07/2017";0.08185;0.07934;0.0819;0.075
"26/07/2017";0.07934;0.0804;0.0816;0.0777
"27/07/2017";0.0804;0.07623;0.08049;0.07566
"28/07/2017";0.07623;0.06862;0.0763;0.06612
"29/07/2017";0.06862;0.07626;0.07823;0.0662
"30/07/2017";0.07626;0.07091;0.078;0.07049
"31/07/2017";0.07091;0.07036;0.07287;0.0663
"01/08/2017";0.07036;0.08299;0.08487;0.07035
"02/08/2017";0.08299;0.08066;0.0842;0.07935
"03/08/2017";0.08066;0.0805;0.08404;0.07976
"04/08/2017";0.0805;0.0772;0.0819;0.0768
"05/08/2017";0.0772;0.07794;0.07848;0.07092
"06/08/2017";0.07794;0.08202;0.0839;0.0774
"07/08/2017";0.08202;0.0794;0.08267;0.0786
"08/08/2017";0.0794;0.08661;0.08789;0.07845
"09/08/2017";0.08661;0.08815;0.09375;0.08558
"10/08/2017";0.08815;0.0869;0.0906;0.0868
"11/08/2017";0.0869;0.08481;0.08842;0.083
"12/08/2017";0.08481;0.0795;0.0882;0.07938
"13/08/2017";0.0795;0.07324;0.07968;0.0501
"14/08/2017";0.07324;0.06909;0.07636;0.0684
"15/08/2017";0.06909;0.06889;0.07214;0.06535
"16/08/2017";0.06889;0.06876;0.0734;0.06853
"17/08/2017";0.06876;0.0701;0.07115;0.0685
"18/08/2017";0.0701;0.07132;0.07291;0.06923
"19/08/2017";0.07132;0.07059;0.07299;0.07
"20/08/2017";0.07059;0.07353;0.07371;0.0704
"21/08/2017";0.07353;0.0805;0.08704;0.07237
"22/08/2017";0.0805;0.0766;0.08628;0.07536
"23/08/2017";0.0766;0.07659;0.07935;0.075
"24/08/2017";0.07659;0.0754;0.07905;0.07415
"25/08/2017";0.0754;0.07552;0.07764;0.07436
"26/08/2017";0.07552;0.07663;0.07844;0.07531
"27/08/2017";0.07663;0.08036;0.08043;0.07551
"28/08/2017";0.08036;0.0792;0.0815;0.0783
"29/08/2017";0.0792;0.0812;0.0848;0.07895
"30/08/2017";0.0812;0.08367;0.0848;0.0803
"31/08/2017";0.08367;0.08195;0.08385;0.08142
"01/09/2017";0.08195;0.07955;0.08338;0.0792
"02/09/2017";0.07955;0.07642;0.0798;0.0732
"03/09/2017";0.07642;0.07634;0.07847;0.075
"04/09/2017";0.07634;0.07038;0.07643;0.06668
"05/09/2017";0.07038;0.0723;0.07234;0.06711
"06/09/2017";0.0723;0.07344;0.07429;0.07195
"07/09/2017";0.07344;0.07257;0.0738;0.07125
"08/09/2017";0.07257;0.07077;0.07268;0.0687
"09/09/2017";0.07077;0.07022;0.07097;0.06939
"10/09/2017";0.07022;0.07042;0.07101;0.0687
"11/09/2017";0.07042;0.07067;0.07218;0.0697
"12/09/2017";0.07067;0.0707;0.0725;0.07
"13/09/2017";0.0707;0.07132;0.0715;0.06734
"14/09/2017";0.07132;0.069;0.0717;0.0672
"15/09/2017";0.069;0.06987;0.0714;0.067
"16/09/2017";0.06987;0.06888;0.0704;0.0681
"17/09/2017";0.06888;0.07;0.07033;0.06803
"18/09/2017";0.07;0.0726;0.0757;0.0698
"19/09/2017";0.0726;0.07255;0.0733;0.0716
"20/09/2017";0.07255;0.07318;0.07332;0.07183
"21/09/2017";0.07318;0.07125;0.07373;0.0705
"22/09/2017";0.07125;0.07288;0.07295;0.0711
"23/09/2017";0.07288;0.07566;0.07566;0.072
"24/09/2017";0.07566;0.077;0.0783;0.07563
"25/09/2017";0.077;0.07531;0.0773;0.07484
"26/09/2017";0.07531;0.07426;0.0754;0.07357
"27/09/2017";0.07426;0.07356;0.07456;0.07232
"28/09/2017";0.07356;0.07227;0.074;0.07188
"29/09/2017";0.07227;0.07021;0.07248;0.06935
"30/09/2017";0.07021;0.06956;0.07076;0.06942
"01/10/2017";0.06956;0.06898;0.07006;0.06898
"02/10/2017";0.06898;0.0675;0.06914;0.067
"03/10/2017";0.0675;0.06767;0.06878;0.067
"04/10/2017";0.06767;0.06921;0.07089;0.0676
"05/10/2017";0.06921;0.06826;0.06978;0.0676
"06/10/2017";0.06826;0.0708;0.071;0.06785
"07/10/2017";0.0708;0.07028;0.072;0.06998
"08/10/2017";0.07028;0.06711;0.0705;0.06689
"09/10/2017";0.06711;0.06219;0.06759;0.05833
"10/10/2017";0.06219;0.0627;0.06357;0.06007
"11/10/2017";0.0627;0.06278;0.06371;0.0616
"12/10/2017";0.06278;0.05569;0.06356;0.05152
"13/10/2017";0.05569;0.05987;0.0622;0.05061
"14/10/2017";0.05987;0.05806;0.06185;0.0572
"15/10/2017";0.05806;0.0591;0.06058;0.05697
"16/10/2017";0.0591;0.05795;0.06243;0.0576
"17/10/2017";0.05795;0.05634;0.05857;0.055
"18/10/2017";0.05634;0.05618;0.05768;0.05549
"19/10/2017";0.05618;0.05388;0.05657;0.05328
"20/10/2017";0.05388;0.05051;0.05439;0.04928
"21/10/2017";0.05051;0.0499;0.05087;0.047
"22/10/2017";0.0499;0.04923;0.0515;0.04887
"23/10/2017";0.04923;0.04819;0.0495;0.04669
"24/10/2017";0.04819;0.05376;0.05637;0.04819
"25/10/2017";0.05376;0.0517;0.0544;0.0516
"26/10/2017";0.0517;0.0501;0.05236;0.0495
"27/10/2017";0.0501;0.05149;0.05195;0.04958
"28/10/2017";0.05149;0.05129;0.0521;0.05021
"29/10/2017";0.05129;0.04933;0.054;0.04888
"30/10/2017";0.04933;0.05003;0.05074;0.04928
"31/10/2017";0.05003;0.04698;0.05063;0.0469
"01/11/2017";0.04698;0.0427;0.04778;0.0426
"02/11/2017";0.0427;0.0406;0.04335;0.0375
"03/11/2017";0.0406;0.04266;0.04361;0.0393
"04/11/2017";0.04266;0.04058;0.0432;0.0396
"05/11/2017";0.04058;0.03987;0.04109;0.03884
"06/11/2017";0.03987;0.04278;0.0436;0.0398
"07/11/2017";0.04278;0.04098;0.0428;0.04075
"08/11/2017";0.04098;0.04129;0.0445;0.03826
"09/11/2017";0.04129;0.04493;0.04619;0.04116
"10/11/2017";0.04493;0.04551;0.04687;0.04358
"11/11/2017";0.04551;0.04954;0.05139;0.0441
"12/11/2017";0.04954;0.05203;0.05581;0.0464
"13/11/2017";0.05203;0.0482;0.0543;0.04634
"14/11/2017";0.0482;0.0509;0.05197;0.047
"15/11/2017";0.0509;0.04559;0.0509;0.0448
"16/11/2017";0.04559;0.042;0.04638;0.04097
"17/11/2017";0.042;0.04301;0.04376;0.0405
"18/11/2017";0.04301;0.04468;0.04487;0.0425
"19/11/2017";0.04468;0.04417;0.04859;0.043
"20/11/2017";0.04417;0.0446;0.04554;0.04359
"21/11/2017";0.0446;0.0445;0.0465;0.04395
"22/11/2017";0.0445;0.04634;0.04635;0.04411
"23/11/2017";0.04634;0.05092;0.0522;0.04571
"24/11/2017";0.05092;0.05746;0.05846;0.04808
"25/11/2017";0.05746;0.05285;0.05912;0.05285
"26/11/2017";0.05285;0.05059;0.05299;0.04766
"27/11/2017";0.05059;0.04881;0.0509;0.0485
"28/11/2017";0.04881;0.04696;0.04942;0.04634
"29/11/2017";0.04696;0.0432;0.04791;0.04305
"30/11/2017";0.0432;0.04377;0.04484;0.04245
"01/12/2017";0.04377;0.04245;0.04457;0.0422
"02/12/2017";0.04245;0.04181;0.04266;0.0416
"03/12/2017";0.04181;0.04129;0.0422;0.0404
"04/12/2017";0.04129;0.04009;0.04129;0.0398
"05/12/2017";0.04009;0.03897;0.04043;0.0385
"06/12/2017";0.03897;0.03033;0.03897;0.029
"07/12/2017";0.03033;0.02488;0.03232;0.02471
"08/12/2017";0.02488;0.02776;0.0317;0.0237
"09/12/2017";0.02776;0.03129;0.03481;0.0275
"10/12/2017";0.03129;0.02864;0.03298;0.02778
"11/12/2017";0.02864;0.0307;0.03109;0.02682
"12/12/2017";0.0307;0.03744;0.03902;0.02971
"13/12/2017";0.03744;0.04272;0.04374;0.036
"14/12/2017";0.04272;0.04182;0.04606;0.04
"15/12/2017";0.04182;0.0387;0.0421;0.0343
"16/12/2017";0.0387;0.03549;0.0408;0.03477
"17/12/2017";0.03549;0.0376;0.03862;0.03549
"18/12/2017";0.0376;0.04156;0.04292;0.03712
"19/12/2017";0.04156;0.04619;0.04712;0.0408
"20/12/2017";0.04619;0.0484;0.04929;0.04471
"21/12/2017";0.0484;0.05046;0.0516;0.04752
"22/12/2017";0.05046;0.04773;0.05171;0.04523
"23/12/2017";0.04773;0.04819;0.04905;0.04724
"24/12/2017";0.04819;0.04881;0.0491;0.0471
"25/12/2017";0.04881;0.05196;0.05311;0.04866
"26/12/2017";0.05196;0.04787;0.0535;0.046
"27/12/2017";0.04787;0.04782;0.04895;0.04619
"28/12/2017";0.04782;0.04976;0.05062;0.04772
"29/12/2017";0.04976;0.05122;0.0517;0.04901
"30/12/2017";0.05122;0.05503;0.0556;0.05011
"31/12/2017";0.05503;0.05349;0.05585;0.05227
"01/01/2018";0.05349;0.05617;0.057;0.05334
"02/01/2018";0.05617;0.05837;0.06553;0.05325
"03/01/2018";0.05837;0.06245;0.06428;0.0565
"04/01/2018";0.06245;0.06212;0.06903;0.05983
"05/01/2018";0.06212;0.057;0.06831;0.05506
"06/01/2018";0.057;0.0585;0.06135;0.05531
"07/01/2018";0.0585;0.069;0.0697;0.0584
"08/01/2018";0.069;0.0756;0.07987;0.06897
"09/01/2018";0.0756;0.08928;0.09111;0.0754
"10/01/2018";0.089397;0.083611;0.0976;0.08287
"11/01/2018";0.08369;0.085744;0.091482;0.08369
"12/01/2018";0.085934;0.09155;0.091909;0.08443
"13/01/2018";0.091458;0.097399;0.10065;0.089603
"14/01/2018";0.097307;0.0998;0.1;0.09516
"15/01/2018";0.0998;0.093705;0.100795;0.091046
"16/01/2018";0.093705;0.0923;0.096852;0.084
"17/01/2018";0.092195;0.091759;0.095;0.082458
"18/01/2018";0.091759;0.0904;0.092324;0.0882
"19/01/2018";0.0904;0.0899;0.093;0.089376
"20/01/2018";0.0899;0.090229;0.091227;0.087562
"21/01/2018";0.09;0.091119;0.092632;0.089
"22/01/2018";0.091119;0.092362;0.093;0.090361
"23/01/2018";0.092362;0.091005;0.09245;0.088931
"24/01/2018";0.091005;0.093199;0.094;0.090056
"25/01/2018";0.093441;0.09388;0.095201;0.092797
"26/01/2018";0.09388;0.094644;0.097118;0.092251
"27/01/2018";0.094644;0.0974;0.0979;0.09397
"28/01/2018";0.0974;0.105169;0.105407;0.09683
"29/01/2018";0.105169;0.104871;0.105851;0.102685
"30/01/2018";0.104497;0.105726;0.108;0.1027
"31/01/2018";0.105726;0.109005;0.110521;0.105041
"01/02/2018";0.109005;0.113054;0.122778;0.109005
"02/02/2018";0.113054;0.103924;0.11338;0.097123
"03/02/2018";0.103924;0.10562;0.10754;0.102921
"04/02/2018";0.10562;0.101036;0.10589;0.099247
"05/02/2018";0.101036;0.100696;0.103379;0.095635
"06/02/2018";0.100696;0.102134;0.102969;0.094
"07/02/2018";0.102175;0.099264;0.102485;0.0986
"08/02/2018";0.098961;0.0988;0.101196;0.096295
"09/02/2018";0.0988;0.101173;0.101603;0.098682
"10/02/2018";0.101173;0.0997;0.101308;0.09904
"11/02/2018";0.0997;0.100275;0.10113;0.099261
"12/02/2018";0.100275;0.097371;0.1006;0.097
"13/02/2018";0.097371;0.098621;0.098776;0.096888
"14/02/2018";0.098621;0.097405;0.09877;0.096
"15/02/2018";0.097405;0.0922;0.097405;0.091016
"16/02/2018";0.0922;0.092001;0.0945;0.090795
"17/02/2018";0.092002;0.087944;0.093121;0.08765
"18/02/2018";0.087944;0.08793;0.089521;0.086028
"19/02/2018";0.088;0.08408;0.0892;0.083801
"20/02/2018";0.08408;0.078715;0.084086;0.07726
"21/02/2018";0.078715;0.080036;0.0818;0.077822
"22/02/2018";0.080031;0.081636;0.08199;0.079361
"23/02/2018";0.081636;0.084318;0.086;0.081568
"24/02/2018";0.084318;0.086097;0.086571;0.082867
"25/02/2018";0.086097;0.087799;0.08865;0.085936
"26/02/2018";0.087799;0.084;0.089345;0.08345
"27/02/2018";0.084;0.08221;0.0855;0.08158
"28/02/2018";0.08221;0.082501;0.083032;0.079864
"01/03/2018";0.082501;0.079735;0.082911;0.079232
"02/03/2018";0.079735;0.077557;0.079735;0.077148
"03/03/2018";0.077557;0.0745;0.077623;0.074356
"04/03/2018";0.0745;0.075111;0.07763;0.074389
"05/03/2018";0.075111;0.073959;0.0757;0.07325
"06/03/2018";0.07402;0.076018;0.07641;0.073881
"07/03/2018";0.076016;0.075793;0.076699;0.073539
"08/03/2018";0.07594;0.074814;0.077279;0.074389
"09/03/2018";0.075;0.078458;0.07874;0.0745
"10/03/2018";0.078458;0.077759;0.07973;0.076999
"11/03/2018";0.077759;0.075662;0.07972;0.074799
"12/03/2018";0.075662;0.076427;0.077161;0.074214
"13/03/2018";0.076427;0.075281;0.077302;0.074705
"14/03/2018";0.075346;0.074555;0.076318;0.073181
"15/03/2018";0.07457;0.073877;0.075383;0.073
"16/03/2018";0.073877;0.072389;0.0744;0.071595
"17/03/2018";0.072389;0.069792;0.073626;0.06979
"18/03/2018";0.069792;0.065595;0.06994;0.061913
"19/03/2018";0.065595;0.06454;0.066904;0.063239
"20/03/2018";0.06454;0.062665;0.064809;0.062076
"21/03/2018";0.062665;0.0628;0.064875;0.062
"22/03/2018";0.0628;0.061863;0.063574;0.06079
"23/03/2018";0.061863;0.061021;0.062054;0.06062
"24/03/2018";0.061021;0.06096;0.061466;0.060003
"25/03/2018";0.061045;0.062;0.062394;0.060728
"26/03/2018";0.062;0.05979;0.062082;0.059183
"27/03/2018";0.05979;0.057488;0.06;0.056565
"28/03/2018";0.057488;0.056195;0.058;0.055928
"29/03/2018";0.056195;0.05414;0.056459;0.054
"30/03/2018";0.05414;0.05757;0.05758;0.054
"31/03/2018";0.05757;0.056865;0.05905;0.056275
"01/04/2018";0.056865;0.055455;0.057064;0.055105
"02/04/2018";0.055455;0.054577;0.055777;0.054345
"03/04/2018";0.054577;0.056117;0.056158;0.053778
"04/04/2018";0.056117;0.055806;0.056226;0.0526
"05/04/2018";0.05574;0.056286;0.05638;0.055359
"06/04/2018";0.056286;0.055891;0.056425;0.055417
"07/04/2018";0.055891;0.055902;0.0561;0.055062
"08/04/2018";0.055902;0.05705;0.057261;0.055525
"09/04/2018";0.05705;0.05881;0.060228;0.057024
"10/04/2018";0.05881;0.06076;0.060825;0.058409
"11/04/2018";0.060705;0.0619;0.062111;0.060125
"12/04/2018";0.0619;0.06244;0.063;0.0593
"13/04/2018";0.06244;0.062665;0.0647;0.061804
"14/04/2018";0.062665;0.06289;0.0635;0.061694
"15/04/2018";0.06289;0.063845;0.063995;0.052435
"16/04/2018";0.063845;0.06352;0.064084;0.062795
"17/04/2018";0.06352;0.06357;0.064062;0.062858
"18/04/2018";0.06357;0.06451;0.064533;0.063219
"19/04/2018";0.06451;0.06829;0.06885;0.06421
"20/04/2018";0.06829;0.0695;0.0711;0.06775
"21/04/2018";0.0695;0.0679;0.069746;0.066619
"22/04/2018";0.0679;0.07065;0.07215;0.063874
"23/04/2018";0.07065;0.072099;0.0725;0.063614
"24/04/2018";0.072099;0.072752;0.07555;0.0718
"25/04/2018";0.07275;0.0696;0.072995;0.0666
"26/04/2018";0.0696;0.071486;0.07175;0.067945
"27/04/2018";0.071486;0.072114;0.0735;0.069847
"28/04/2018";0.072114;0.07311;0.07377;0.07185
"29/04/2018";0.07311;0.073115;0.073533;0.072401
"30/04/2018";0.073115;0.0725;0.074951;0.072005
"01/05/2018";0.0725;0.07406;0.074573;0.07035
"02/05/2018";0.07406;0.074334;0.075134;0.073863
"03/05/2018";0.074334;0.079885;0.080742;0.0743
"04/05/2018";0.079915;0.081036;0.083131;0.0793
"05/05/2018";0.081036;0.083147;0.083368;0.08056
"06/05/2018";0.083147;0.08214;0.084603;0.080557
"07/05/2018";0.08214;0.080508;0.082466;0.075167
"08/05/2018";0.08054;0.081595;0.082126;0.078948
"09/05/2018";0.081595;0.08064;0.08165;0.079108
"10/05/2018";0.080823;0.0801;0.082;0.080062
"11/05/2018";0.0801;0.080685;0.0822;0.078188
"12/05/2018";0.080685;0.08079;0.081257;0.076769
"13/05/2018";0.08079;0.083905;0.085099;0.0799
"14/05/2018";0.083903;0.083798;0.084642;0.0825
"15/05/2018";0.083798;0.083303;0.0848;0.0825
"16/05/2018";0.083062;0.08468;0.084731;0.082615
"17/05/2018";0.08465;0.082875;0.0855;0.082571
"18/05/2018";0.082875;0.084207;0.084289;0.082517
"19/05/2018";0.08421;0.084557;0.085717;0.083377
"20/05/2018";0.084525;0.083926;0.085786;0.08382
"21/05/2018";0.083926;0.0831;0.084347;0.08242
"22/05/2018";0.0831;0.080456;0.083811;0.080076
"23/05/2018";0.0804;0.07695;0.080944;0.075758
"24/05/2018";0.07695;0.079456;0.079999;0.07502
"25/05/2018";0.079456;0.0785;0.08084;0.077305
"26/05/2018";0.078555;0.07985;0.080246;0.0776
"27/05/2018";0.07985;0.077724;0.080331;0.0765
"28/05/2018";0.077724;0.07203;0.077901;0.071282
"29/05/2018";0.07203;0.07586;0.07644;0.071955
"30/05/2018";0.07586;0.075627;0.077455;0.07431
"31/05/2018";0.075627;0.0771;0.077438;0.075306
"01/06/2018";0.0771;0.077021;0.07773;0.075848
"02/06/2018";0.077021;0.077394;0.078114;0.0766
"03/06/2018";0.077354;0.08029;0.081008;0.077354
"04/06/2018";0.08029;0.079;0.081039;0.0773
"05/06/2018";0.079;0.07995;0.080493;0.07807
"06/06/2018";0.0799;0.079154;0.080075;0.079
"07/06/2018";0.079154;0.07857;0.0797;0.078102
"08/06/2018";0.07857;0.07875;0.079255;0.077287
"09/06/2018";0.07875;0.079177;0.079314;0.078492
"10/06/2018";0.0791;0.077414;0.079518;0.0755
"11/06/2018";0.077414;0.077255;0.079026;0.076271
"12/06/2018";0.07731;0.07546;0.078423;0.074599
"13/06/2018";0.07546;0.075486;0.076393;0.072242
"14/06/2018";0.075524;0.07821;0.079053;0.072776
"15/06/2018";0.07821;0.076275;0.07857;0.074628
"16/06/2018";0.076288;0.07655;0.077454;0.075934
"17/06/2018";0.076504;0.077045;0.07756;0.07649
"18/06/2018";0.077045;0.077141;0.077606;0.07627
"19/06/2018";0.077141;0.079783;0.080102;0.076925
"20/06/2018";0.079783;0.079389;0.079833;0.07842
"21/06/2018";0.079389;0.078309;0.080396;0.077828
"22/06/2018";0.078292;0.076345;0.078309;0.07497
"23/06/2018";0.076345;0.07687;0.077445;0.075766
"24/06/2018";0.076875;0.07402;0.077118;0.072649
"25/06/2018";0.07402;0.073371;0.075707;0.072871
"26/06/2018";0.073371;0.070787;0.073714;0.070768
"27/06/2018";0.070782;0.07189;0.072147;0.06977
"28/06/2018";0.07189;0.071746;0.072095;0.070685
"29/06/2018";0.071746;0.070258;0.072;0.06911
"30/06/2018";0.070258;0.07102;0.071691;0.07
"01/07/2018";0.071016;0.07112;0.0715;0.070597
"02/07/2018";0.07112;0.07205;0.072604;0.070698
"03/07/2018";0.07205;0.070931;0.072866;0.070495
"04/07/2018";0.070931;0.070835;0.071981;0.070014
"05/07/2018";0.070835;0.071611;0.071755;0.070654
"06/07/2018";0.071611;0.07112;0.071785;0.07
"07/07/2018";0.07108;0.071843;0.071843;0.0702
"08/07/2018";0.071843;0.072485;0.073166;0.071705
"09/07/2018";0.072485;0.070706;0.072693;0.070685
"10/07/2018";0.070706;0.068625;0.070929;0.067444
"11/07/2018";0.068625;0.06975;0.069912;0.0676
"12/07/2018";0.06975;0.068861;0.070188;0.068653
"13/07/2018";0.068861;0.069478;0.07047;0.06886
"14/07/2018";0.069511;0.069413;0.070123;0.0691
"15/07/2018";0.069413;0.07073;0.071137;0.069092
"16/07/2018";0.07073;0.07129;0.07198;0.070166
"17/07/2018";0.07129;0.068115;0.071415;0.068
"18/07/2018";0.068115;0.06502;0.068788;0.064482
"19/07/2018";0.06502;0.062619;0.065199;0.062457
"20/07/2018";0.062619;0.061185;0.062765;0.058514
"21/07/2018";0.061185;0.062205;0.063304;0.06088
"22/07/2018";0.062205;0.061757;0.06287;0.061472
"23/07/2018";0.06184;0.058245;0.06184;0.057836
"24/07/2018";0.058245;0.05695;0.059433;0.05641
"25/07/2018";0.05695;0.05774;0.05822;0.056844
"26/07/2018";0.05774;0.05824;0.0589;0.057535
"27/07/2018";0.05824;0.057413;0.0589;0.05655
"28/07/2018";0.057413;0.056978;0.05759;0.056727
"29/07/2018";0.056978;0.056782;0.057244;0.056526
"30/07/2018";0.056782;0.055865;0.057219;0.055556
"31/07/2018";0.055865;0.055764;0.056272;0.054325
"01/08/2018";0.055764;0.055235;0.056396;0.054543
"02/08/2018";0.055235;0.05456;0.055533;0.0541
"03/08/2018";0.05456;0.05639;0.056544;0.05437
"04/08/2018";0.05639;0.0581;0.05869;0.055735
"05/08/2018";0.058105;0.058155;0.058621;0.057648
"06/08/2018";0.058215;0.0584;0.05865;0.057697
"07/08/2018";0.0584;0.05632;0.058554;0.0553
"08/08/2018";0.05632;0.05662;0.057501;0.055405
"09/08/2018";0.05662;0.055635;0.0572;0.055453
"10/08/2018";0.055635;0.054015;0.056412;0.053424
"11/08/2018";0.054015;0.05104;0.054064;0.04955
"12/08/2018";0.051035;0.050395;0.051587;0.05
"13/08/2018";0.0504;0.0454;0.050554;0.045117
"14/08/2018";0.0454;0.044985;0.0454;0.042
"15/08/2018";0.044985;0.044775;0.046339;0.043987
"16/08/2018";0.044795;0.0454;0.046505;0.044472
"17/08/2018";0.0454;0.048156;0.04853;0.045297
"18/08/2018";0.048156;0.04599;0.048675;0.044822
"19/08/2018";0.04599;0.04619;0.0475;0.0455
"20/08/2018";0.04619;0.043322;0.046545;0.042917
"21/08/2018";0.043322;0.04339;0.044059;0.0425
"22/08/2018";0.04339;0.042486;0.043805;0.041492
"23/08/2018";0.042486;0.04234;0.043357;0.041923
"24/08/2018";0.04234;0.042068;0.04249;0.04169
"25/08/2018";0.042065;0.041235;0.042065;0.041038
"26/08/2018";0.041235;0.04092;0.041235;0.0406
"27/08/2018";0.04092;0.041585;0.041796;0.040735
"28/08/2018";0.041733;0.0418;0.041904;0.040727
"29/08/2018";0.041805;0.04095;0.04194;0.040825
"30/08/2018";0.04095;0.04063;0.041333;0.04
"31/08/2018";0.04063;0.040135;0.040755;0.039685
"01/09/2018";0.040095;0.041067;0.0418;0.040078
"02/09/2018";0.041035;0.040415;0.041361;0.040096
"03/09/2018";0.040415;0.039785;0.040485;0.0395
"04/09/2018";0.039785;0.038765;0.039986;0.03835
"05/09/2018";0.038765;0.034144;0.038935;0.033766
"06/09/2018";0.0341;0.035241;0.0359;0.033362
"07/09/2018";0.035241;0.033586;0.035893;0.03354
"08/09/2018";0.033652;0.031795;0.03405;0.030968
"09/09/2018";0.031795;0.031379;0.032487;0.030095
"10/09/2018";0.031379;0.031196;0.032139;0.0299
"11/09/2018";0.03126;0.029406;0.031453;0.0285
"12/09/2018";0.0294;0.028955;0.029512;0.026862
"13/09/2018";0.028955;0.032466;0.032961;0.028917
"14/09/2018";0.032466;0.032321;0.034;0.031463
"15/09/2018";0.032321;0.034109;0.034762;0.03216
"16/09/2018";0.034109;0.0339;0.034281;0.0325
"17/09/2018";0.0339;0.031351;0.034458;0.0309
"18/09/2018";0.031329;0.032933;0.033697;0.03113
"19/09/2018";0.032946;0.032812;0.03377;0.03211
"20/09/2018";0.032812;0.034564;0.034893;0.032292
"21/09/2018";0.034579;0.036688;0.037662;0.03349
"22/09/2018";0.036688;0.035893;0.0374;0.03507
"23/09/2018";0.035855;0.036471;0.036873;0.0354
"24/09/2018";0.036471;0.034628;0.03657;0.033379
"25/09/2018";0.034628;0.033999;0.034628;0.032
"26/09/2018";0.033985;0.033185;0.034071;0.032433
"27/09/2018";0.033185;0.034275;0.03476;0.032526
"28/09/2018";0.034275;0.03341;0.034521;0.032741
"29/09/2018";0.03341;0.035095;0.035995;0.032935
"30/09/2018";0.035095;0.03516;0.035925;0.034592
"01/10/2018";0.03516;0.035005;0.035405;0.0345
"02/10/2018";0.035031;0.034535;0.035156;0.034413
"03/10/2018";0.034535;0.033895;0.034585;0.033512
"04/10/2018";0.033895;0.033762;0.034275;0.03353
"05/10/2018";0.033762;0.034405;0.034726;0.033501
"06/10/2018";0.034405;0.034178;0.034497;0.033836
"07/10/2018";0.034178;0.03424;0.034295;0.033863
"08/10/2018";0.03424;0.034475;0.034668;0.034034
"09/10/2018";0.034475;0.034315;0.034775;0.034252
"10/10/2018";0.034315;0.034225;0.0344;0.034086
"11/10/2018";0.034225;0.03058;0.03429;0.03039
"12/10/2018";0.03058;0.03134;0.031744;0.03058
"13/10/2018";0.03134;0.031793;0.032033;0.031286
"14/10/2018";0.031793;0.03099;0.031867;0.030723
"15/10/2018";0.03099;0.031745;0.03349;0.030861
"16/10/2018";0.031757;0.031835;0.032006;0.031508
"17/10/2018";0.031835;0.03159;0.03197;0.031462
"18/10/2018";0.03162;0.031145;0.031735;0.03096
"19/10/2018";0.031145;0.031415;0.031671;0.030996
"20/10/2018";0.031415;0.031585;0.031778;0.031305
"21/10/2018";0.031585;0.031458;0.031814;0.031423
"22/10/2018";0.031458;0.03143;0.031603;0.031295
"23/10/2018";0.03143;0.031442;0.03151;0.03108
"24/10/2018";0.03144;0.03125;0.031505;0.031204
"25/10/2018";0.03125;0.031213;0.031297;0.031026
"26/10/2018";0.031213;0.031345;0.031675;0.031145
"27/10/2018";0.031345;0.031434;0.03145;0.031303
"28/10/2018";0.031434;0.03163;0.031651;0.031391
"29/10/2018";0.03163;0.03103;0.031811;0.030867
"30/10/2018";0.03103;0.031175;0.031242;0.03096
"31/10/2018";0.03118;0.031215;0.031304;0.03088
"01/11/2018";0.031215;0.031189;0.03125;0.03112
"02/11/2018";0.031189;0.03146;0.031625;0.03116
"03/11/2018";0.031455;0.03136;0.031495;0.03133
"04/11/2018";0.03136;0.032715;0.033558;0.0313
"05/11/2018";0.032725;0.03257;0.0328;0.032235
"06/11/2018";0.03257;0.03385;0.033931;0.03243
"07/11/2018";0.033904;0.033315;0.034039;0.033158
"08/11/2018";0.033315;0.032865;0.033485;0.032811
"09/11/2018";0.032865;0.032855;0.03312;0.032663
"10/11/2018";0.032857;0.033145;0.033328;0.0328
"11/11/2018";0.033145;0.033015;0.033205;0.0328
"12/11/2018";0.033015;0.033008;0.033124;0.032823
"13/11/2018";0.033019;0.03248;0.033035;0.032385
"14/11/2018";0.03248;0.03166;0.032633;0.03
"15/11/2018";0.031655;0.032044;0.0324;0.031324
"16/11/2018";0.032044;0.031273;0.032165;0.031256
"17/11/2018";0.031325;0.031294;0.031588;0.0308
"18/11/2018";0.031294;0.031615;0.03193;0.031112
"19/11/2018";0.031615;0.030671;0.031615;0.029063
"20/11/2018";0.030671;0.029314;0.030894;0.028899
"21/11/2018";0.029314;0.02968;0.0301;0.02857
"22/11/2018";0.02968;0.028978;0.03;0.02891
"23/11/2018";0.028978;0.028305;0.029174;0.02794
"24/11/2018";0.028305;0.029255;0.029388;0.028146
"25/11/2018";0.029255;0.029057;0.02943;0.0279
"26/11/2018";0.029023;0.02865;0.029183;0.028397
"27/11/2018";0.02865;0.028782;0.0292;0.027751
"28/11/2018";0.028782;0.028806;0.029095;0.027949
"29/11/2018";0.028806;0.027502;0.0289;0.027399
"30/11/2018";0.027502;0.028161;0.02849;0.027352
"01/12/2018";0.028161;0.028175;0.02879;0.027847
"02/12/2018";0.02817;0.028075;0.028316;0.0279
"03/12/2018";0.028075;0.02797;0.028452;0.027689
"04/12/2018";0.02797;0.027792;0.028068;0.027715
"05/12/2018";0.027792;0.027241;0.027869;0.0272
"06/12/2018";0.02724;0.025989;0.027307;0.025512
"07/12/2018";0.025989;0.027405;0.027736;0.024434
"08/12/2018";0.027405;0.026477;0.0285;0.0255
"09/12/2018";0.026477;0.026326;0.027004;0.026132
"10/12/2018";0.026326;0.026175;0.026448;0.025845
"11/12/2018";0.026175;0.02598;0.026531;0.025715
"12/12/2018";0.025944;0.025935;0.0263;0.025847
"13/12/2018";0.025955;0.026124;0.026556;0.025865
"14/12/2018";0.026124;0.026;0.026304;0.025865
"15/12/2018";0.026;0.02609;0.026155;0.025885
"16/12/2018";0.02609;0.026185;0.026769;0.026078
"17/12/2018";0.02624;0.026811;0.027147;0.026105
"18/12/2018";0.02683;0.027484;0.027584;0.026442
"19/12/2018";0.027484;0.026958;0.028235;0.026907
"20/12/2018";0.026958;0.028135;0.0286;0.026798
"21/12/2018";0.028135;0.02805;0.02874;0.027521
"22/12/2018";0.02804;0.029191;0.029344;0.027784
"23/12/2018";0.029185;0.032802;0.033115;0.029155
"24/12/2018";0.032802;0.034526;0.03757;0.03275
"25/12/2018";0.034526;0.034065;0.034676;0.032962
"26/12/2018";0.034065;0.03421;0.03538;0.033444
"27/12/2018";0.03421;0.031892;0.03441;0.03149
"28/12/2018";0.031892;0.035325;0.035381;0.03155
"29/12/2018";0.035325;0.03589;0.037432;0.034305
"30/12/2018";0.03589;0.036185;0.036501;0.035085
"31/12/2018";0.036185;0.035515;0.0363;0.035285
"01/01/2019";0.035515;0.036527;0.03757;0.035388
"02/01/2019";0.036527;0.03938;0.04;0.036504
"03/01/2019";0.03938;0.038785;0.039925;0.038198
"04/01/2019";0.038785;0.04013;0.040756;0.038469
"05/01/2019";0.04013;0.04052;0.0416;0.04013
"06/01/2019";0.04052;0.03855;0.040691;0.03839
"07/01/2019";0.03855;0.03757;0.038695;0.0373
"08/01/2019";0.037565;0.037275;0.037735;0.03693
"09/01/2019";0.037275;0.03734;0.038136;0.037143
"10/01/2019";0.03734;0.034866;0.03743;0.0342
"11/01/2019";0.034866;0.03458;0.035287;0.03375
"12/01/2019";0.03458;0.034394;0.03495;0.034162
"13/01/2019";0.034394;0.03284;0.034465;0.0324
"14/01/2019";0.03284;0.03498;0.035483;0.032831
"15/01/2019";0.03498;0.03352;0.03563;0.032812
"16/01/2019";0.03352;0.033829;0.034792;0.033305
"17/01/2019";0.033829;0.03365;0.033959;0.032935
"18/01/2019";0.03365;0.033168;0.03369;0.033
"19/01/2019";0.033168;0.033425;0.033749;0.033124
"20/01/2019";0.033425;0.033205;0.03351;0.033004
"21/01/2019";0.033205;0.032779;0.033289;0.032424
"22/01/2019";0.032779;0.033;0.033117;0.032224
"23/01/2019";0.033;0.03276;0.033155;0.03257
"24/01/2019";0.03276;0.032588;0.0328;0.03225
"25/01/2019";0.032588;0.0323;0.033;0.032267
"26/01/2019";0.0323;0.032354;0.032532;0.0322
"27/01/2019";0.032354;0.031518;0.0324;0.031518
"28/01/2019";0.031518;0.030705;0.031727;0.02984
"29/01/2019";0.030705;0.030645;0.031;0.030181
"30/01/2019";0.030645;0.0313;0.031591;0.03044
"31/01/2019";0.0313;0.030995;0.031695;0.0308
"01/02/2019";0.030995;0.030847;0.0311;0.03047
"02/02/2019";0.030847;0.031535;0.0316;0.03077
"03/02/2019";0.031535;0.03102;0.031657;0.030879
"04/02/2019";0.03102;0.031095;0.03138;0.030749
"05/02/2019";0.031095;0.03091;0.03114;0.030838
"06/02/2019";0.03091;0.03067;0.031004;0.029856
"07/02/2019";0.03067;0.030735;0.031005;0.03064
"08/02/2019";0.030735;0.032605;0.032999;0.030605
"09/02/2019";0.032611;0.032558;0.032957;0.032323
"10/02/2019";0.032558;0.03396;0.034148;0.03205
"11/02/2019";0.033989;0.033295;0.034016;0.03302
"12/02/2019";0.033295;0.033667;0.033805;0.032986
"13/02/2019";0.033667;0.033795;0.034451;0.033585
"14/02/2019";0.033795;0.033576;0.034325;0.03344
"15/02/2019";0.033576;0.03379;0.034091;0.03351
"16/02/2019";0.03379;0.03391;0.0342;0.033727
"17/02/2019";0.03391;0.036495;0.036908;0.033865
"18/02/2019";0.036495;0.03739;0.038285;0.036278
"19/02/2019";0.03739;0.0367;0.037958;0.03669
"20/02/2019";0.0367;0.037444;0.037667;0.036011
"21/02/2019";0.037426;0.037005;0.037467;0.036545
"22/02/2019";0.037;0.037231;0.037375;0.03653
"23/02/2019";0.037231;0.038325;0.0391;0.037127
"24/02/2019";0.038325;0.035326;0.039597;0.035213
"25/02/2019";0.035326;0.03604;0.036714;0.035222
"26/02/2019";0.03604;0.035789;0.036094;0.0353
"27/02/2019";0.035789;0.035337;0.036508;0.034
"28/02/2019";0.035337;0.035465;0.03599;0.03494
"01/03/2019";0.035465;0.035335;0.035791;0.035283
"02/03/2019";0.035335;0.034665;0.035503;0.034354
"03/03/2019";0.034665;0.034303;0.035148;0.033867
"04/03/2019";0.034303;0.033823;0.034303;0.033397
"05/03/2019";0.033823;0.03543;0.03553;0.033744
"06/03/2019";0.03543;0.035585;0.03606;0.034556
"07/03/2019";0.035585;0.0353;0.03585;0.035212
"08/03/2019";0.0353;0.034516;0.03542;0.034247
"09/03/2019";0.034516;0.034804;0.035347;0.03442
"10/03/2019";0.034804;0.03457;0.034925;0.034371
"11/03/2019";0.03457;0.034242;0.034668;0.03409
"12/03/2019";0.034242;0.034413;0.0348;0.03368
"13/03/2019";0.034413;0.03406;0.034435;0.033982
"14/03/2019";0.03406;0.03415;0.0345;0.033876
"15/03/2019";0.03415;0.034785;0.03502;0.034134
"16/03/2019";0.034785;0.03523;0.035735;0.034785
"17/03/2019";0.03523;0.034789;0.03523;0.034556
"18/03/2019";0.034789;0.034538;0.035249;0.034425
"19/03/2019";0.034538;0.034465;0.034776;0.034376
"20/03/2019";0.034465;0.034362;0.034525;0.034118
"21/03/2019";0.034362;0.033835;0.034435;0.0337
"22/03/2019";0.033835;0.034125;0.034295;0.033717
"23/03/2019";0.034125;0.034286;0.034447;0.034027
"24/03/2019";0.034286;0.03409;0.034293;0.033843
"25/03/2019";0.03409;0.034078;0.034231;0.03368
"26/03/2019";0.034078;0.03395;0.034159;0.033816
"27/03/2019";0.03395;0.03452;0.034634;0.033939
"28/03/2019";0.03452;0.034251;0.034574;0.0341
"29/03/2019";0.034251;0.034782;0.034782;0.0341
"30/03/2019";0.034782;0.034667;0.035329;0.034448
"31/03/2019";0.034667;0.034485;0.034697;0.0343
"01/04/2019";0.034485;0.034085;0.034592;0.03385
"02/04/2019";0.034085;0.033626;0.034125;0.030326
"03/04/2019";0.033626;0.032429;0.034942;0.03136
"04/04/2019";0.032429;0.032135;0.032625;0.03142
"05/04/2019";0.032135;0.03294;0.033321;0.032003
"06/04/2019";0.03294;0.032837;0.033442;0.032189
"07/04/2019";0.032837;0.033676;0.034;0.0325
"08/04/2019";0.033676;0.034145;0.035233;0.033642
"09/04/2019";0.034145;0.03389;0.034402;0.033748
"10/04/2019";0.03389;0.033345;0.034695;0.032626
"11/04/2019";0.033345;0.03266;0.033399;0.032191
"12/04/2019";0.03266;0.032336;0.032819;0.032234
"13/04/2019";0.032336;0.032301;0.032495;0.032021
"14/04/2019";0.032301;0.032533;0.03265;0.032113
"15042019";0.032533;0.031865;0.032664;0.0311
"16042019";0.031865;0.031965;0.03234;0.031741
"17042019";0.031965;0.031865;0.032075;0.031649
